0,313599.687710628,4161623.88932395,0
1,313599.237515314,4161624.18311668,0
2,313598.784634457,4161624.49293876,0
3,313598.331021178,4161624.79768729,0
4,313597.916409355,4161625.08262992,0
5,313597.476467948,4161625.36355186,0
6,313596.967007502,4161625.68088889,0
7,313596.510098324,4161625.97597099,0
8,313596.052395686,4161626.28641105,0
9,313595.563443047,4161626.58128715,0
10,313594.971340997,4161626.92866111,0
11,313594.50454412,4161627.20827079,0
12,313593.961331233,4161627.53901267,0
13,313593.480923519,4161627.83354545,0
14,313592.976651054,4161628.14236808,0
15,313592.522305355,4161628.41899467,0
16,313591.942288261,4161628.77120567,0
17,313591.43276678,4161629.08066154,0
18,313590.875759942,4161629.4194982,0
19,313590.411709652,4161629.70189262,0
20,313589.921048027,4161630.00081992,0
21,313589.402798519,4161630.31650138,0
22,313588.889004572,4161630.62916923,0
23,313588.353665217,4161630.9544332,0
24,313587.918423517,4161631.21899772,0
25,313587.366238455,4161631.55487419,0
26,313586.920254574,4161631.82612968,0
27,313586.471402033,4161632.09898734,0
28,313585.866360526,4161632.46686149,0
29,313585.383999691,4161632.76004386,0
30,313584.911526541,4161633.04719138,0
31,313584.406826835,4161633.3537786,0
32,313583.956387382,4161633.6274221,0
33,313583.488247732,4161633.91183067,0
34,313582.994229183,4161634.21197867,0
35,313582.490628102,4161634.51790977,0
36,313581.967984063,4161634.83528877,0
37,313581.440518241,4161635.15580726,0
38,313580.941006524,4161635.45922828,0
39,313580.429592951,4161635.77000403,0
40,313579.903469899,4161636.08966804,0
41,313579.38381658,4161636.40531516,0
42,313578.843472341,4161636.73352409,0
43,313578.306546077,4161637.05977607,0
44,313577.764859064,4161637.38875938,0
45,313577.217617848,4161637.72105766,0
46,313576.625698907,4161638.08038306,0
47,313576.06313787,4161638.4219091,0
48,313575.50442205,4161638.76118828,0
49,313574.967984064,4161639.08695197,0
50,313574.42477117,4161639.41684318,0
51,313573.892849786,4161639.7398603,0
52,313573.205960135,4161640.15700889,0
53,313572.686062673,4161640.47279334,0
54,313572.182156425,4161640.77879691,0
55,313571.679409842,4161641.08409095,0
56,313571.037930352,4161641.47364402,0
57,313570.559780939,4161641.76404167,0
58,313569.943997242,4161642.13806892,0
59,313569.392910819,4161642.47282387,0
60,313568.773037772,4161642.84940315,0
61,313568.328457694,4161643.11949135,0
62,313567.892666678,4161643.3842733,0
63,313567.367459155,4161643.70342612,0
64,313566.509304861,4161644.22491431,0
65,313566.027005058,4161644.51790977,0
66,313565.517239432,4161644.82758308,0
67,313564.985134937,4161645.15084053,0
68,313564.443692068,4161645.47994209,0
69,313563.890469408,4161645.81607032,0
70,313563.457974291,4161646.07879234,0
71,313562.951931811,4161646.38615394,0
72,313562.484768726,4161646.66993309,0
73,313562.019070484,4161646.95277763,0
74,313561.405911308,4161647.32535148,0
75,313560.900967456,4161647.63197685,0
76,313560.402798514,4161647.93433357,0
77,313559.868985038,4161648.25833488,0
78,313559.335537771,4161648.5820806,0
79,313558.830105641,4161648.88861061,0
80,313558.29092107,4161649.21557594,0
81,313557.755581714,4161649.53998542,0
82,313557.210659842,4161649.87025428,0
83,313556.649929862,4161650.21020103,0
84,313556.089138846,4161650.55005622,0
85,313555.525112963,4161650.89191413,0
86,313554.95394597,4161651.23814369,0
87,313554.236172535,4161651.67346549,0
88,313553.706570483,4161651.994972,0
89,313553.048184253,4161652.39480186,0
90,313552.502774098,4161652.72614265,0
91,313551.996304371,4161653.03405357,0
92,313551.327847337,4161653.44054771,0
93,313550.834866385,4161653.74041725,0
94,313550.321560717,4161654.0526464,0
95,313549.827847338,4161654.35292411,0
96,313549.363613942,4161654.63520027,0
97,313548.882840013,4161654.92738319,0
98,313548.440884449,4161655.19592262,0
99,313547.967373707,4161655.4836042,0
100,313547.521145678,4161655.75449348,0
101,313547.073635916,4161656.02578712,0
102,313546.640286305,4161656.28832222,0
103,313545.94234929,4161656.71091819,0
104,313545.404507497,4161657.03671623,0
105,313544.851956225,4161657.3712461,0
106,313544.331082201,4161657.6866529,0
107,313543.803250167,4161658.00640846,0
108,313543.297512862,4161658.31296898,0
109,313542.808926439,4161658.60913825,0
110,313542.258999683,4161658.94287849,0
111,313541.59524236,4161659.34526039,0
112,313541.044400072,4161659.6792791,0
113,313540.464199878,4161660.0310514,0
114,313540.010830735,4161660.30580879,0
115,313539.568997242,4161660.57328392,0
116,313539.107754565,4161660.8527906,0
117,313538.650601246,4161661.13025642,0
118,313538.146878099,4161661.43559623,0
119,313537.670010426,4161661.72438026,0
120,313537.167752121,4161662.02889992,0
121,313536.659634447,4161662.33758903,0
122,313536.130947925,4161662.65933967,0
123,313535.617764326,4161662.9709127,0
124,313535.070767259,4161663.302593,0
125,313534.552090504,4161663.61765648,0
126,313533.981778,4161663.96412636,0
127,313533.475796556,4161664.27176262,0
128,313532.968716476,4161664.57973457,0
129,313532.472805831,4161664.88069511,0
130,313531.983792158,4161665.17725349,0
131,313531.485073897,4161665.47955299,0
132,313530.989712572,4161665.77977729,0
133,313530.519253584,4161666.06565071,0
134,313530.037075848,4161666.36720252,0
135,313529.57626042,4161666.65706611,0
136,313529.074307293,4161666.96667457,0
137,313528.584744308,4161667.2567308,0
138,313528.073269699,4161667.54666878,0
139,313527.565945479,4161667.82059265,0
140,313527.043606611,4161668.09120346,0
141,313526.506069991,4161668.35859848,0
142,313525.906094406,4161668.64540459,0
143,313525.296109054,4161668.92448402,0
144,313524.494595382,4161669.27298141,0
145,313523.847988937,4161669.54019714,0
146,313523.331692553,4161669.7398336,0
147,313522.729031417,4161669.95716453,0
148,313522.096157879,4161670.18072678,0
149,313521.581082197,4161670.36315704,0
150,313520.900112959,4161670.60444427,0
151,313520.218594402,4161670.84952331,0
152,313519.33932194,4161671.17319656,0
153,313518.696438645,4161671.41310669,0
154,313518.073239179,4161671.64713264,0
155,313517.441677901,4161671.88477493,0
156,313516.831997724,4161672.11370636,0
157,313516.240170332,4161672.33523727,0
158,313515.653622481,4161672.55427528,0
159,313515.09121403,4161672.76370598,0
160,313514.514218185,4161672.97670532,0
161,313513.952267502,4161673.17774559,0
162,313513.200924725,4161673.44951607,0
163,313512.727322431,4161673.62637878,0
164,313512.095822189,4161673.87168861,0
165,313511.486019943,4161674.1235006,0
166,313510.899624677,4161674.38572288,0
167,313510.15600285,4161674.7509954,0
168,313509.679684492,4161674.98304153,0
169,313509.208340498,4161675.20868469,0
170,313508.713894697,4161675.44043137,0
171,313508.222256511,4161675.66133285,0
172,313507.68511662,4161675.90240074,0
173,313506.999722329,4161676.2215078,0
174,313506.493130534,4161676.47201706,0
175,313505.825466961,4161676.82362343,0
176,313505.340054365,4161677.09511162,0
177,313504.835598794,4161677.40021301,0
178,313504.346768232,4161677.7127607,0
179,313503.844631997,4161678.03567864,0
180,313503.35232243,4161678.34885765,0
181,313502.827511638,4161678.6778257,0
182,313502.303677411,4161679.0025251,0
183,313501.779599043,4161679.32476784,0
184,313501.221371503,4161679.66695763,0
185,313500.68694767,4161679.99416901,0
186,313500.103329507,4161680.35163475,0
187,313499.55709538,4161680.68668343,0
188,313498.969754071,4161681.0472467,0
189,313498.373776287,4161681.41379524,0
190,313497.778195232,4161681.78048302,0
191,313497.192440837,4161682.14129425,0
192,313496.574185219,4161682.52261711,0
193,313495.952969401,4161682.91257549,0
194,313495.333187907,4161683.30451179,0
195,313494.72027287,4161683.6749456,0
196,313494.082943763,4161684.05017448,0
197,313493.418728674,4161684.43862415,0
198,313492.968655433,4161684.70177723,0
199,313492.532284588,4161684.9572847,0
200,313492.075802655,4161685.22522236,0
201,313491.19909367,4161685.73693062,0
202,313490.763089029,4161685.988405,0
203,313490.307522621,4161686.25286652,0
204,313489.846035808,4161686.52793671,0
205,313489.379971352,4161686.81330563,0
206,313488.923245279,4161687.09758259,0
207,313488.473629801,4161687.3794706,0
208,313487.782955971,4161687.81417156,0
209,313487.337673991,4161688.09439731,0
210,313486.878506507,4161688.38301063,0
211,313486.429623451,4161688.66459538,0
212,313485.992337074,4161688.9384153,0
213,313485.150845379,4161689.46382309,0
214,313484.634426919,4161689.78529812,0
215,313484.200772131,4161690.05478169,0
216,313483.508175697,4161690.48473431,0
217,313483.004940838,4161690.79689861,0
218,313482.324856604,4161691.21857286,0
219,313481.866085853,4161691.50299049,0
220,313481.186245768,4161691.92449452,0
221,313480.496548501,4161692.35229517,0
222,313480.036923254,4161692.63753582,0
223,313479.602078288,4161692.90748335,0
224,313478.93063053,4161693.32442022,0
225,313478.465939367,4161693.61307646,0
226,313477.602780192,4161694.14945198,0
227,313476.974728431,4161694.5397637,0
228,313476.338558995,4161694.93514849,0
229,313475.723599279,4161695.31736709,0
230,313475.104367102,4161695.70240022,0
231,313474.501614417,4161696.07703663,0
232,313474.071438635,4161696.34429432,0
233,313473.465145912,4161696.72100783,0
234,313472.882931552,4161697.0826682,0
235,313472.069699131,4161697.58766438,0
236,313471.497372473,4161697.94291533,0
237,313470.913266029,4161698.30601384,0
238,313470.336941562,4161698.66415424,0
239,313469.733731116,4161699.03875951,0
240,313469.1399506,4161699.40728999,0
241,313468.528256263,4161699.78695072,0
242,313467.928250157,4161700.15929712,0
243,313467.495755041,4161700.42755128,0
244,313466.67257389,4161700.93815304,0
245,313465.849484291,4161701.44846297,0
246,313465.225216713,4161701.83540512,0
247,313464.796414219,4161702.10520245,0
248,313464.137509191,4161702.5164733,0
249,313463.708798254,4161702.77973581,0
250,313463.249295082,4161703.06002594,0
251,313462.807461586,4161703.32853628,0
252,313462.150235021,4161703.72746969,0
253,313461.453640785,4161704.1502359,0
254,313460.968838538,4161704.44458128,0
255,313460.261044348,4161704.87465168,0
256,313459.804074131,4161705.1527126,0
257,313459.313626136,4161705.4514177,0
258,313458.841275057,4161705.73914982,0
259,313458.366787757,4161706.02864338,0
260,313457.871517981,4161706.33114124,0
261,313457.396054114,4161706.62172295,0
262,313456.690457187,4161707.05306031,0
263,313456.170224034,4161707.37107636,0
264,313455.701107823,4161707.65819813,0
265,313455.214016755,4161707.9566219,0
266,313454.748318515,4161708.24218537,0
267,313454.286312898,4161708.52560975,0
268,313453.631008944,4161708.92776085,0
269,313453.153897132,4161709.22068192,0
270,313452.489773594,4161709.62837102,0
271,313451.836117588,4161710.02943112,0
272,313451.4047211,4161710.29392125,0
273,313450.764065587,4161710.6865337,0
274,313450.302304112,4161710.96712185,0
275,313449.458462558,4161711.47390057,0
276,313448.858517489,4161711.83798958,0
277,313448.074795565,4161712.32363487,0
278,313447.651242099,4161712.59211994,0
279,313447.097470124,4161712.95121647,0
280,313446.552822909,4161713.31622101,0
281,313446.008541901,4161713.69875504,0
282,313445.504788241,4161714.05872132,0
283,313444.829403721,4161714.54093147,0
284,313444.293515049,4161714.92060639,0
285,313443.658047518,4161715.36711098,0
286,313443.13155826,4161715.73507859,0
287,313442.503781163,4161716.17189575,0
288,313441.99096378,4161716.52740074,0
289,313441.494931063,4161716.87110878,0
290,313440.990383943,4161717.22183396,0
291,313440.470089751,4161717.58409668,0
292,313439.951962311,4161717.94483734,0
293,313439.244015532,4161718.43813683,0
294,313438.686550932,4161718.82690789,0
295,313438.128659088,4161719.21627213,0
296,313437.562832673,4161719.61136604,0
297,313437.001217682,4161720.00359894,0
298,313436.422573883,4161720.40775467,0
299,313435.866055329,4161720.79635597,0
300,313435.301968414,4161721.19018151,0
301,313434.698269681,4161721.61161019,0
302,313434.279446444,4161721.90393807,0
303,313433.656246981,4161722.33888222,0
304,313433.048519926,4161722.7629068,0
305,313432.625424226,4161723.05807091,0
306,313432.212338288,4161723.34620644,0
307,313431.799649081,4161723.63415696,0
308,313431.354855377,4161723.94455506,0
309,313430.736782868,4161724.3758104,0
310,313430.109738186,4161724.81306244,0
311,313429.489468411,4161725.24532868,0
312,313428.891445956,4161725.66285492,0
313,313428.294308501,4161726.07990433,0
314,313427.698605374,4161726.49563195,0
315,313427.283749422,4161726.78469635,0
316,313426.69894107,4161727.19322182,0
317,313426.121426424,4161727.59669472,0
318,313425.570797756,4161727.98100831,0
319,313424.979824861,4161728.39348199,0
320,313424.243862944,4161728.90695359,0
321,313423.664791896,4161729.31078507,0
322,313423.135708649,4161729.67971589,0
323,313422.563107332,4161730.08633019,0
324,313421.82760318,4161730.61419083,0
325,313421.258419828,4161730.99908807,0
326,313420.702755765,4161731.36336495,0
327,313420.278042633,4161731.63956429,0
328,313419.706692537,4161732.01075341,0
329,313419.110623195,4161732.39917733,0
330,313418.318631009,4161732.91789223,0
331,313417.701504548,4161733.32406212,0
332,313417.092831451,4161733.7255819,0
333,313416.652371245,4161734.01640679,0
334,313416.220181301,4161734.30216576,0
335,313415.58401187,4161734.722492,0
336,313414.988919092,4161735.11538674,0
337,313414.510647614,4161735.43094231,0
338,313413.893032863,4161735.83816888,0
339,313413.235379057,4161736.27157571,0
340,313412.795651273,4161736.56130959,0
341,313412.343472316,4161736.85931374,0
342,313411.904110745,4161737.15025689,0
343,313411.467129543,4161737.44394662,0
344,313411.006619287,4161737.75241067,0
345,313410.576229884,4161738.03293969,0
346,313410.103115874,4161738.33701684,0
347,313409.59881289,4161738.65875222,0
348,313409.150662257,4161738.9439161,0
349,313408.431637601,4161739.40137841,0
350,313407.945431543,4161739.71111275,0
351,313407.489682031,4161740.00184228,0
352,313407.034848048,4161740.29226663,0
353,313406.554928616,4161740.59908272,0
354,313405.870907618,4161741.03692605,0
355,313405.393521145,4161741.34283807,0
356,313404.940670803,4161741.63329293,0
357,313404.27438052,4161742.06100442,0
358,313403.810482812,4161742.35889031,0
359,313403.16170962,4161742.77559258,0
360,313402.51916201,4161743.18833138,0
361,313401.879544095,4161743.60096337,0
362,313401.257138085,4161744.00567223,0
363,313400.830319239,4161744.27841164,0
364,313400.221066313,4161744.66394784,0
365,313399.632839992,4161745.03462579,0
366,313398.807675198,4161745.55358865,0
367,313398.213497949,4161745.92720391,0
368,313397.651516747,4161746.28082253,0
369,313397.071865871,4161746.64581658,0
370,313396.509671044,4161747.00016,0
371,313395.948788477,4161747.35390451,0
372,313395.392300443,4161747.70508935,0
373,313394.854336575,4161748.04465463,0
374,313394.290982082,4161748.40028741,0
375,313393.26342471,4161749.04883172,0
376,313392.751858542,4161749.37163903,0
377,313392.034848046,4161749.82406594,0
378,313391.535519433,4161750.13911797,0
379,313391.021511865,4161750.46341302,0
380,313390.529934717,4161750.77347543,0
381,313390.028225733,4161751.08995797,0
382,313389.530819726,4161751.40381982,0
383,313389.022671532,4161751.72437264,0
384,313388.550045797,4161752.02252938,0
385,313388.094174219,4161752.30999734,0
386,313387.639859031,4161752.59651925,0
387,313387.175289943,4161752.8894613,0
388,313386.719998195,4161753.17654397,0
389,313386.285183739,4161753.45070244,0
390,313385.844479396,4161753.728565,0
391,313385.281552149,4161754.0835798,0
392,313384.739620997,4161754.42541863,0
393,313384.215084859,4161754.75620629,0
394,313383.787381007,4161755.02613046,0
395,313383.256680324,4161755.36113717,0
396,313382.73663027,4161755.68949487,1
397,313382.221432517,4161756.01477029,2
398,313381.729672267,4161756.32527139,3
399,313381.216275046,4161756.64967706,4
400,313380.729672263,4161756.95695855,5
401,313380.144802878,4161757.32577493,6
